,Empresa,Cargo,Local da empresa
0,Dr. Est√°gio,Est√°gio Auxiliar de com√©rcio e varejo - Jo√£o XXIII,Fortaleza - CE
1,IPHAC - Instituto Promover,Est√°gio em Administra√ß√£o - Terracap,Bras√≠lia - DF
2,BRNPAR Empreendimentos Imobili√°rios,Est√°gio em Cr√©dito - Araras/SP,Araras - SP
3,Dr. Est√°gio,Est√°gio Auxiliar de com√©rcio e varejo - S√£o Jo√£o do Tauape,Fortaleza - CE
4,Venturoso Valentini,Est√°gio em Engenharia Mec√¢nica,S√£o Joaqui... - SP
5,STRATA ENGENHARIA, EST√ÅGIO EM ENGENHARIA  ,Belo Horiz... - MG
6,Dr. Est√°gio,Est√°gio Auxiliar de com√©rcio e varejo - Planalto Ayrton Senna,Fortaleza - CE
7,Dr. Est√°gio,Est√°gio Auxiliar de com√©rcio e varejo - Jos√© Walter,Fortaleza - CE
8,Positivo Tecnologia,Est√°gio em Desenvolvimento Mobile ,Curitiba - PR
9,Positivo Tecnologia,Est√°gio em Desenvolvimento de App,Curitiba - PR
10,BRNPAR Empreendimentos Imobili√°rios,Est√°gio SAT. Engenharia - Araras/SP,Araras - SP
11,Rocontec - Rocha Constru√ß√£o e Tecnologia,Est√°gio em Engenharia Civil,S√£o Paulo - SP
12,Dr. Est√°gio,Est√°gio Auxiliar de com√©rcio e varejo - Quintino Cunha ,Fortaleza - CE
13,NSG Group,EST√ÅGIO - CALL CENTER ,Sao Jose d... - SP
14,Grupo Bamaq | Paix√£o pelo que Fazemos,Est√°gio (Uber) - Contagem,Contagem - MG
15,BRNPAR Empreendimentos Imobili√°rios,Est√°gio em Engenharia Civil - Ara√ßatuba,Ara√ßatuba - SP
16,BRNPAR Empreendimentos Imobili√°rios,Est√°gio em Engenharia Civil - Pen√°polis/SP,Pen√°polis - SP
17,Lojas Renner,Est√°gio em Marketing Corporativo (Eventos e Patroc√≠nios),Porto Alegre - RS
18,Ind√∫strias Reunidas Raymundo da Fonte, EST√ÅGIO T√âCNICO EM QUIMICA,Salvador - BA
19,Agribrasil,"EST√ÅGIO EM COMERCIAL/ MESA TRADING - S√£o Paulo, Itaim Bibi",S√£o Paulo - SP
20,Agribrasil,"EST√ÅGIO EM COMERCIAL/ MESA TRADING - S√£o Paulo, Itaim Bibi",S√£o Paulo - SP
21,Carreiras,Est√°gio em Finan√ßas,Barueri - SP
22,Emporium da Beleza,Estagiaria de Est√©tica ,Campinas - SP
23,dtidigital,Est√°gio em Seguran√ßa da Informa√ß√£o (Vaga H√≠brida),Belo Horiz... - MG
24,Warren Investimentos, Est√°gio em Asset Management,N√£o informado
25,Giant Steps Capital,Est√°gio em Business Intelligence (Finan√ßas),S√£o Paulo - SP
26,Grupo Positivo,EST√ÅGIO PSICOLOGIA ,Ponta Grossa - PR
27,Ad Clinic | Trabalhe conosco,Estagio em Biomedicina - Guarulhos - SP ,S√£o Paulo - SP
28,Arezzo&CO,Est√°gio - Planejamento,Campo Bom  - RS
29,Grupo Positivo,EST√ÅGIO EDUCACIONAL ,Ponta Grossa - PR
30,Lobo de Rizzo Advogados,Pessoa Estagi√°ria | Contencioso ,S√£o Paulo - SP
31,Pluxee Brasil,Est√°gio em Treinamento e Desenvolvimento ,S√£o Paulo - SP
32,#SejaShopper,Est√°gio Comercial (Exclusiva para PCD),S√£o Paulo - SP
33,(IFF) Instituto Fernando Filgueiras,Est√°gio N√≠vel M√©dio,Salvador - BA
34,#SejaShopper,Est√°gio Varejo (Exclusiva para PCD),S√£o Paulo - SP
35,Trabalhe na Mills,Est√°gio Universit√°rio,Chapec√≥ - SC
36,Lobo de Rizzo Advogados,Pessoa Estagi√°ria | Trabalhista,S√£o Paulo - SP
37,#SejaShopper,Est√°gio Eventos (Exclusiva para PCD),S√£o Paulo - SP
38,#SejaShopper,Est√°gio/Analista Jr. de Performance (Exclusiva para PCD),Osasco - SP
39,#SejaShopper,Est√°gio Opera√ß√µes (Exclusiva para PCD),S√£o Paulo - SP
40,Confidencial,Est√°gio em Marketing (Redator(a)) - S√£o Paulo/SP ,S√£o Paulo - SP
41,Prime Cater,Est√°gio em M√≠dia ,S√£o Paulo - SP
42,#SejaShopper,Est√°gio/Analista Jr. de Processos (Exclusiva para PCD),S√£o Paulo - SP
43,SERHUM RH,Est√°gio - Contabilidade,S√£o Lu√≠s - MA
44,Supera Farma,Est√°gio em RH (DHO),S√£o Paulo - SP
45,Checklist F√°cil ,Est√°gio em Marketing de Produto (vaga afirmativa pessoas negras),Florian√≥polis - SC
46,Vem mobilizar sonhos com a gente! ,Est√°gio em Laborat√≥rio de Qualifica√ß√£o,Guarulhos - SP
47,#SejaShopper,Est√°gio P√≥s-Vendas (Exclusiva para PCD),S√£o Paulo - SP
48,Rede de Ensino APOGEU,Est√°gio em Pedagogia | Ub√°,Minas Gerais - MG
49,Mendelics ,Est√°gio em: Log√≠stica,S√£o Paulo - SP
50,Grupo Delta Energia,Est√°gio Comunica√ß√£o e Marketing,S√£o Paulo - SP
51,Geopixel,Est√°gio - Itapevi/ SP,Itapevi - SP
52,Lojas Renner,"Est√°gio em Diversidade | Afirmativa para Mulheres Cis,Trans,com defici√™ncia e/ou Negra",S√£o Paulo - SP
53,Jesu√≠tas Brasil,Col√©gio Ant√¥nio Vieira - Est√°gio em Inform√°tica Educacional ,Salvador - BA
54,RL higiene ,Est√°gio em Marketing Analytics ,S√£o Paulo  - SP
55,M. Dias Branco ,Est√°gio em Log√≠stica - Distribui√ß√£o ,Salvador - BA
56,Santa Casa da Bahia,Est√°gio em Engenharia Mec√¢nica,Salvador - BA
57,Yaman Tecnologia,EST√ÅGIO - DEVOPS (REMOTO) ,Barueri - SP
58,Hivecloud,EST√ÅGIO DE CUSTOMER SUCCESS,Recife - PE
59,Grupo RPN,Grupo RPN | Est√°gio em TI - Americana/SP,Americana - SP
60,Quero Educa√ß√£o,Est√°gio em Opera√ß√µes Comerciais | Melhor Escola,S√£o Jos√© d... - SP
61,Grupo BOM JESUS IELUSC,Recepcionista Centro de Nata√ß√£o e Academia BONJA - Est√°gio,Joinville - SC
62,Jesu√≠tas Brasil,Col√©gio Ant√¥nio Vieira - Est√°gio em Tecmaker ,Salvador - BA
63,GRUPO ND,Est√°gio Web de Jornalismo - Florian√≥polis,Florian√≥polis - SC
64,Ti Sa√∫de,Est√°gio Comercial,Recife - PE
65,Rede Verbita de Educa√ß√£o,Est√°gio em TI,Belo Horiz... - MG
66,Sicredi,0116 - Banco de Talentos Est√°gio N√≠vel Superior - Ag√™ncias de Cachoeirinha e Gravata√≠,Porto Alegre - RS
67,Rocontec - Rocha Constru√ß√£o e Tecnologia,Est√°gio em Engenharia Civil,S√£o Paulo - SP
68,BR Media Group,Est√°gio Comercial,S√£o Paulo - SP
69,Votorantim Cimentos - Futuros Talentos ,Estagi√°ria/Estagi√°rio - Execu√ß√£o Integrada,S√£o Paulo - SP
70,Mitre Realty,ESTAGIO OBRA - ENGENHARIA CIVIL,S√£o Paulo - SP
71,Vem ser Ourofino Agroci√™ncia!,Est√°gio em Recursos Humanos - Administra√ß√£o de Pessoal,Ribeir√£o P... - SP
72,Programa de Est√°gios Cyrela 2022,Est√°gio em Marketing Digital,S√£o Paulo - SP
73,Cogna Educa√ß√£o,MONITOR ESTAGIO ENFERMAGEM (PONTA GROSSA/PR),Ponta Grossa - PR
74,Neogrid Carreiras,Est√°gio em Data Quality,Joinville - SC
75,Genial Investimentos,Programa de Est√°gio para Mulheres,S√£o Paulo - SP
76,Aqui tem Cultura!,ESTAGIO - JORNALISMO,S√£o Paulo - SP
77,Eleve Solu√ß√µes em Sa√∫de,[ELV] Est√°gio - Auxiliar Administrativo,Parnamirim - RN
78,Grupo Direcional Engenharia,EST√ÅGIO EM ENGENHARIA CIVIL  - CANTEIRO DE OBRAS AM,Manaus - AM
79,COPASTUR VIAGENS E TURISMO,Atendimento | Est√°gio - Plant√£o Emergencial G8 | S√£o Paulo - SP,S√£o Paulo - SP
80,Britvic Brasil,Pessoa Estagi√°ria de Trade Marketing ,S√£o Paulo - SP
81,Quero ser #APr√≥ximaGera√ß√£o Machado Meyer,#APr√≥ximaGera√ß√£o | Est√°gio Empresarial ,S√£o Paulo - SP
82,dtidigital,Est√°gio em Desenvolvimento Full Stack ,Belo Horiz... - MG
83,Oportunidades T-Systems,EST√ÅGIO EM PLM (Product Lifecycle Management),Sao Bernar... - SP
84,Nidec Global Appliance (Brasil),Est√°gio Universit√°rio em Log√≠stica (Gest√£o de Transportes),Joinville - SC
85,Sicredi,0116 - Est√°gio N√≠vel Superior de Gest√£o de Pessoas - Porto Alegre e Regi√£o Metropolitana,Porto Alegre - RS
86,Cogna Educa√ß√£o,MONITOR ESTAGIO ,Paragominas - PA
87,Grupo Direcional Engenharia,EST√ÅGIO EM ENGENHARIA CIVIL (CANTEIRO DE OBRAS) CAMPINAS SP ,S√£o Paulo - SP
88,S√° Cavalcante,Est√°gio em Auditoria,Serra - ES
89,dtidigital,Est√°gio- Product Owner (H√≠brida) ,Belo Horiz... - MG
90,Vem Ser Fator,Est√°gio | Tesouraria,S√£o Paulo - SP
91,BIOTRONIK,Est√°gio de Comunica√ß√£o & Marketing,S√£o Paulo - SP
92,Cyrela,Est√°gio em Seguran√ßa do Trabalho - Obra,S√£o Paulo - SP
93,Trabalhe na Mills,Est√°gio T√©cnico,Cabo de Sa... - PE
94,Silimed Ind√∫stria de Implantes LTDA,Est√°gio N√≠vel T√©cnico - Engenharia,Duque de C... - RJ
95,Docol Metais Sanit√°rios,Est√°gio em engenharia - Manuten√ß√£o,N√£o informado
96,GrupoSC Distribuidora de Medicamentos,Est√°gio em Log√≠stica,An√°polis - GO
97,Cogna Educa√ß√£o,PESSOA EST√ÅGIARIA - ENFERMAGEM ,Cuiab√° - MT
98,Zallpy Digital,Est√°gio Administrativo/Financeiro | Presencial em Porto Alegre - RS,Porto Alegre - RS
99,Mobilize Financial Services,Est√°gio Controles Internos ,Curitiba - PR
100,IPHAC - Instituto Promover,EST√ÅGIO -  CONNECT TELECOM ,Goi√¢nia - GO
101,Sicredi,Est√°gio - Florian√≥polis/SC (Ingleses)  ,Florian√≥polis - SC
102,Eurofarma,Est√°gio Documenta√ß√£o Regulat√≥ria - AR,Itapevi - SP
103,HPE Automotores,Est√°gio Qualidade de Fornecedores | Catal√£o/GO ,Catal√£o - GO
104,Domino's Pizza Brasil,Estagi√°ria(o) de Qualidade - F√°brica,Itapeceric... - SP
105,SBT,"Est√°gio em Projetos (Engenharia de Produ√ß√£o, Economia ou Administra√ß√£o)",Osasco - SP
106,Saint-Gobain Produtos para Constru√ß√£o,Est√°gio Administrativo,Jandira - SP
107,Sicredi,Est√°gio nos Programas Sociais - Sede - Nova Petr√≥polis/RS,Nova Petr√≥... - RS
108,Grupo Direcional Engenharia,EST√ÅGIO EM ENGENHARIA CIVIL (CANTEIRO DE OBRAS) - S√£o Paulo- Votorantim ,S√£o Paulo - SP
109,Domino's Pizza Brasil,Estagi√°ria(o) de Gente & Gest√£o - F√°brica  ,Itapeceric... - SP
110,V360,V360 - Comercial BDR - Est√°gio e J√∫nior,N√£o informado
111,SBT,Est√°gio em R√°dio e TV | Programa do Ratinho,Osasco - SP
112,Grupo Panvel,Est√°gio | Planejamento e Controle log√≠stico,Eldorado d... - RS
113,Cyrela,Est√°gio em Arquitetura/Engenharia - Qualidade | CAMPINAS,Campinas - SP
114,Positivo Tecnologia,Est√°gio em Designer Visual,Curitiba - PR
115,Venha construir o futuro com a gente!,"Est√°gio Engenharia Civil/Arquitetura - Nova Igua√ßu, RJ",Nova Igua√ßu - RJ
116,M√©todo 12P,Est√°gio em Recursos Humanos I Recrutamento e Sele√ß√£o,Santos - SP
117,NSG Group,EST√ÅGIO EM ENGENHARIA- BETIM ,Betim - MG
118,Marcopolo S.A,EST√ÅGIO EM QUALIDADE - S√£o Mateus/ES,Sao Mateus - ES
119,Pecege,Est√°gio em Recrutamento e Sele√ß√£o de T.I (Tech Recruiter),Piracicaba - SP
120,C&A Brasil,Est√°gio em Engenharia (Rio de Janeiro),N√£o informado
121,Grupo Positivo,ESTAGIO PSICOLOGIA,Florian√≥po... - SC
122,Nidec Global Appliance (Brasil),Est√°gio em Estrat√©gia de Produto,Joinville - SC
123,Votorantim Cimentos - Futuros Talentos ,Est√°gio Minera√ß√£o ,Vidal Ramos - SC
124,Sicredi,0802 - Est√°gio N√≠vel Superior - Administra√ß√£o e √Åreas afins - Manaus/AM,Manaus - AM
125,Cielo,Estagi√°ria em Desenvolvimento de Sistemas | Vaga Afirmativa para Mulheres,Barueri - SP
126,IPHAC - Instituto Promover,"Est√°gio em Administra√ß√£o, Gest√£o P√∫blica ou Contabilidade - TERRACAP ",Bras√≠lia - DF
127,Grupo Positivo,EST√ÅGIO EDUCACIONAL,Curitiba - PR
128,Orthopride,Est√°gio ASB,Blumenau - SC
129,Finnet,Est√°gio Administrativo ,S√£o Paulo - SP
130,Venha construir o futuro com a gente!,"Est√°gio Engenharia Civil/Arquitetura - Suzano, SP",Suzano - SP
131,Cielo,Est√°gio em Rela√ß√µes com Investidores,Barueri - SP
132,Villela Brasil Bank | Gest√£o de Carreiras,Est√°gio Ci√™ncias Cont√°beis - Contabilidade,Porto Alegre - RS
133,White Martins ,Programa de Est√°gio Novos Ares White Martins 2023.2,Rio de Jan... - RJ
134,Evolua,Est√°gio - Gest√£o de Processos Centralizados,Francisco ... - PR
135,Saint-Gobain Produtos para Constru√ß√£o,üü° Quartzolit | Est√°gio Industrial,Mogi das C... - SP
136,Oliveira & Antunes ,Est√°gio - Suporte t√©cnico - Blumenau/SC,Blumenau - SC
137,Grupo Direcional Engenharia,EST√ÅGIO EM REMUNERA√á√ÉO - RH,S√£o Paulo - SP
138,BMW Group Brasil,Est√°gio em Contabilidade ,Araquari - SC
139,SJCC,[SJCC] Est√°gio Primeiro Caderno ,Recife - PE
140,Craft Group, EST√ÅGIO PARA √ÅREA DE EVENTOS e VIAGENS ,S√£o Paulo - SP
141,SERHUM RH,Est√°gio T√©cnico em Eletrot√©cnica (4h) - Pinheiro/MA ,Pinheiro - MA
142,Portobello,Pessoa Estagi√°ria Engenharia,Tijucas - SC
143,Inatel ,PDI - Est√°gio em Teste de Software,Santa Rita... - MG
144,GVC SOLU√á√ïES EM COBRAN√áA,EST√ÅGIO DE ADMINISTRA√á√ÉO,S√£o Jos√© d... - SP
145,Votorantim Cimentos - Futuros Talentos ,Programa de Est√°gio T√©cnico em Manuten√ß√£o,Americana - SP
146,Votorantim Cimentos - Futuros Talentos ,Programa de Est√°gio T√©cnico em Manuten√ß√£o,Sorocaba - SP
147,Venha construir o futuro com a gente!,"Est√°gio Engenharia Civil/Arquitetura - S√£o Paulo, SP",S√£o Paulo - SP
148,Pecege,Est√°gio Administrativo -  Departamento Internacional,Piracicaba - SP
149,Pecege,Est√°gio em Projetos Sociais,Piracicaba - SP
150,Venha construir o futuro com a gente!,Est√°gio Engenharia Civil/Arquitetura | Blumenau/SC,Blumenau - SC
151,Ind√∫strias Reunidas Raymundo da Fonte, EST√ÅGIO SUPERIOR EM PRODU√á√ÉO,Salvador - BA
152,Britvic Brasil,Pessoa Estagi√°ria Superior Administrativo,Araguari - MG
153,Escola S√£o Domingos & Sundays,Est√°gio em Produ√ß√£o de Conte√∫do ,Vit√≥ria - ES
154,Icomm Group,Est√°gio em Estilo,S√£o Paulo - SP
155,Icomm Group,Est√°gio em Recursos Humanos,S√£o Paulo - SP
156,Icomm Group,Est√°gio de Risco e Fraude ,S√£o Paulo - SP
157,Grupo Petlove,Est√°gio em Opera√ß√µes,S√£o Paulo - SP
158,GeekHunter üíú,Est√°gio de Aprova√ß√£o de Pessoas candidatas,N√£o informado
159,Votorantim Cimentos - Futuros Talentos ,Estagi√°ria/estagi√°rio de Manuten√ß√£o - PCM,Porto Velho - RO
160,Cogna Educa√ß√£o,MONITOR ESTAGIO - ENFERMAGEM,Rio Grande - RS
161,Cielo,Estagio na √Årea Comercial - Recife/PE,Recife - PE
162,Col√©gio Ranieri ,Estagi√°ria de pedagogia (Unidade do Ber√ß√°rio) ,S√£o Paulo - SP
163,MC BAUCHEMIE,Est√°gio em gest√£o de pedidos,Vargem Gra... - SP
164,Randoncorp,Est√°gio na Engenharia da Qualidade - Randon Caxias,Caxias do Sul - RS
165,Nexti ,Est√°gio Front-end ,N√£o informado
166,Amicci,Est√°gio Facilities - S√£o Paulo/SP,S√£o Paulo - SP
167,ISA CTEEP,Est√°gio em Direito Societ√°rio,S√£o Paulo - SP
168,Grupo Positivo,EST√ÅGIO NA √ÅREA DE TECNOLOGIA/GEST√ÉO DE PROJETOS,Curitiba - PR
169,Pernod Ricard Brasil,Est√°gio em E-Commerce (Vaga Exclusiva Para Talentos Negros) - Pernod Ricard Brasil,S√£o Paulo - SP
170,Centro Universit√°rio Facens,Est√°gio Fab Lab,Sorocaba - SP
171,Quem somos,Est√°gio em Recursos Humanos - Business Partner ,S√£o Paulo - SP
172,CNP Seguros Holding Brasil,Est√°gio em √Årea de Relacionamento com o Cliente,Bras√≠lia - DF
173,Pernod Ricard Brasil,Est√°gio em Informa√ß√£o de Vendas (Vaga Exclusiva Para Talentos Negros) - Pernod Ricard Brasil,S√£o Paulo - SP
174,Toyota do Brasil,Programa Est√°gio 2024,Sorocaba - SP
175,Programa de Est√°gio de Obra Tenda,ESTAGIO - OBRAS,Fortaleza - CE
176,Programa de Est√°gio de Obra Tenda,ESTAGIO - OBRAS,Fortaleza - CE
177,Sa√∫de PASA,Est√°gio em Administra√ß√£o,Rio de Jan... - RJ
178,Record TV,Programa de Est√°gio 2023 - Jornalismo,S√£o Paulo - SP
179,#vempranexa Brasil ,Est√°gio em Facilities ,Paracatu - MG
180,Riber Carreiras,Est√°gio - Comercial ,Ribeir√£o P... - SP
181,#vempranexa Brasil ,Est√°gio em Facilities ,Vazante - MG
182,Venha construir o futuro com a gente!,Est√°gio Engenharia Civil/Arquitetura | Macei√≥ - AL  ,Macei√≥ - AL
183,Cielo,Est√°gio em Desenvolvimento de Tecnologia ,Barueri - SP
184,We Believe in Great Ideas - WBGI,Est√°gio em Microbiologia com √änfase em Conte√∫do e Marketing Estrat√©gico - IdeeLab,Piracicaba - SP
185,ABRH Est√°gio,Est√°gio em Opera√ß√µes/Testes - SIMEROS RS,Cachoeirinha - RS
186,Cielo,Est√°gio em Desenvolvimento de Sistema,Barueri - SP
187,ABRH Est√°gio,Est√°gio em Engenharia de Produto SIMEROS RS,Cachoeirinha - RS
188,ABRH Est√°gio,Est√°gio em Laborat√≥rio - SIMEROS RS,Cachoeirinha - RS
189,ABRH Est√°gio,Est√°gio em Opera√ß√µes SIMEROS RS,Cachoeirinha - RS
190,ABRH Est√°gio,Est√°gio em Planejamento de Projetos - SIMEROS RS,Cachoeirinha - RS
191,Together at Avidus School,[Avidus] Estagi√°ria(o) Volante,Bras√≠lia - DF
192,Silveiro Advogados,Est√°gio Direito | Contencioso C√≠vel - Rela√ß√µes de Consumo ,Porto Alegre - RS
193,#QueroSerMercantil,EST√ÅGIO - DEPARTAMENTO PESSOAL,Belo Horiz... - MG
194,Grupo Petlove,Est√°gio em FP&A (Planejamento Financeiro),S√£o Paulo - SP
195,Grupo SEB,Est√°gio Pedagogia / Educa√ß√£o F√≠sica,S√£o Paulo - SP
196,Letras (letras.mus.br),Est√°gio em Modera√ß√£o de Conte√∫do - Ingl√™s e Espanhol ,Belo Horiz... - MG
197,TeleHelp,Est√°gio de Qualidade de Atendimento,S√£o Paulo - SP
198,Venha construir o futuro com a gente!,Est√°gio Engenharia Civil/Arquitetura | Maring√°,Maring√° - PR
199,Venha construir o futuro com a gente!,Est√°gio Engenharia Civil/Arquitetura | Maring√°,Maring√° - PR
200,Kelco Pet Care,Est√°gio Marketing - Foco em Embalagem,S√£o Paulo - SP
201,Votorantim Cimentos - Futuros Talentos , Estagi√°ria/Estagi√°rio em Opera√ß√µes Argamassa,S√£o Paulo - SP
202,Peg Pet,Est√°gio em Marketing,S√£o Paulo - SP
203,Grupo Panvel,Est√°gio Garantia da Qualidade - LIFAR,Porto Alegre - RS
204,Venha construir o futuro com a gente!,"Est√°gio Engenharia Civil/Arquitetura | Campinas, SP",Campinas - SP
205,Supergasbras,Est√°gio em Opera√ß√µes,Arauc√°ria - PR
206,Grupo Panvel,Est√°gio Comercial Projetos - LIFAR,Porto Alegre - RS
207,TeleHelp,Est√°gio em Gerontologia ,S√£o Paulo - SP
208,dtidigital,Est√°gio em Recursos Humanos,Belo Horiz... - MG
209,Ambev,Estagi√°rio/Estagi√°ria I (PONTA GROSSA - PR),Ponta Grossa - PR
210,Rede Decis√£o,Est√°gio de licenciatura - matem√°tica ,Belo Horiz... - MG
211,Biotrop,"EST√ÅGIO EM ESG (Meio ambiente, responsabilidade social e governan√ßa)",Curitiba - PR
212,Rentbrella,Est√°gio em Designer e M√≠dias Sociais,S√£o Paulo - SP
213,STUDIO SOL,Est√°gio em Produ√ß√£o Audiovisual ,Belo Horiz... - MG
214,Baterias Moura,Est√°gio Assist√™ncia T√©cnica - Uberl√¢ndia/MG,Uberl√¢ndia - MG
215,Wine.com.br,Pessoa Estagi√°ria de Marketing (CRM),Vit√≥ria - ES
216,Santa Casa da Bahia,EST√ÅGIO EM ENFERMAGEM,Salvador - BA
217,Grupo The Best,Est√°gio em Recrutamento e Sele√ß√£o,Londrina - PR
218,Vem ser Brascabos!,Programa de Est√°gio - 2024,Rio Claro - SP
219,Trabalhe na Mills,Est√°gio T√©cnico,Rio de Jan... - RJ
220,Cogna Educa√ß√£o,MONITOR ESTAGIO - PSICOLOGIA,S√£o Lu√≠s - MA
221,Lindt & Spr√ºngli Brasil,Est√°gio (FP&A),S√£o Paulo - SP
222,Vagas confidenciais,Pessoa Estagi√°ria de Jur√≠dico e Regula√ß√£o ,Fortaleza - CE
223,Cogna Educa√ß√£o,MONITOR ESTAGIO BIOMEDICINA II PARAUPEBAS,Parauapebas - PA
224,"Grupo Hive | Omnibees, Bee2Pay e Niara",Est√°gio em CSM - Customer Success Manager ,S√£o Paulo - SP
225,Votorantim Cimentos,ESTAGIARIO/ESTAGIARIA - SSMA - SEGURAN√áA DO TRABALHO,Itapeceric... - SP
226,Grupo Direcional Engenharia,EST√ÅGIO EM ENGENHARIA CIVIL  - √ÅGUAS CLARAS ,Bras√≠lia - DF
227,Grupo Direcional Engenharia,EST√ÅGIO EM ENGENHARIA CIVIL  - SAMAMBAIA,Bras√≠lia - DF
228,openlabs,Est√°gio em Endomarketing  (vaga Afirmativa Mulheres pretas e pardas),S√£o Paulo - SP
229,Empresa Multinacional ,Estagio em Financeiro ,S√£o Paulo - SP
230,Nidec Global Appliance (Brasil),Est√°gio Universit√°rio em Custos e FP&A,Joinville - SC
231,openlabs,Est√°gio em Endomarketing,S√£o Paulo - SP
232,Grupo Positivo,EST√ÅGIO EDUCACIONAL,Curitiba - PR
233,Cetrel,Programa de Est√°gio | N√≠vel Superior - Controladoria ,Cama√ßari - BA
234,Grupo Direcional Engenharia,EST√ÅGIO EM ENGENHARIA CIVIL  -  CAMA√áARI (Vila Abrantes),Salvador - BA
235,Amcham Carreiras,Est√°gio em Eventos e Conte√∫do - Salvador,Salvador - BA
236,Col√©gio Visconde de Porto Seguro,ESTAGIO EM ARTES,S√£o Paulo - SP
237,AlmapBBDO,Pessoa Estagi√°ria de M√≠dia E-Commerce,S√£o Paulo - SP
238,Unidades V4 Company,RH - Est√°gio | V4 + Bayer & Co,Santo √¢Ngelo - RS
239,Amcham Carreiras,Est√°gio em Customer Success - Salvador,Salvador - BA
240,AlmapBBDO,Pessoa Estagi√°ria de Performance,S√£o Paulo - SP
241,Col√©gio Visconde de Porto Seguro,ESTAGIO EM EDUCA√á√ÉO FISICA,S√£o Paulo - SP
242,alt.bank,Pessoa Estagi√°ria de Marketing - CRM,S√£o Paulo - SP
243,Unidades V4 Company,Est√°gio em Marketing | V4 Bayer & Co ,Santo √¢Ngelo - RS
244,Mapah,Est√°gio de Departamento Pessoal,Goi√¢nia - GO
245,Ambar Tech,Est√°gio em Comunica√ß√£o ,S√£o Paulo - SP
246,Mosaico,Pessoa Estagi√°ria do Financeiro,Rio de Jan... - RJ
247,Renault do Brasil,Est√°gio - Engenharia/Administra√ß√£o - Pintura (CVP),S√£o Jos√© d... - PR
248,Rede Decis√£o,Estagi√°ria de Pedagogia ,S√£o Paulo - SP
249,Grupo Direcional Engenharia,EST√ÅGIO EM ENGENHARIA CIVIL  - VALPARA√çSO,Bras√≠lia - DF
250,Sicredi,Banco de Talentos para Est√°gio e para Neg√≥cios - Ag√™ncia Mau√° Ibirub√°/RS - Sicredi Rota das Terras RS/MG,Ibirub√° - RS
251,Quanta Previd√™ncia Cooperativa,Est√°gio | Investimentos,Florian√≥polis - SC
252,"Cescon, Barrieu, Flesch e Barreto Advogados",Est√°gio | Societ√°rio - Companhias Abertas,S√£o Paulo - SP
253,Momenta,Est√°gio em valida√ß√£o ,S√£o Paulo - SP
254,BrandMonitor,Est√°gio em Atendimento,N√£o informado
255,Castrolanda Cooperativa Agroindustrial ,Est√°gio - Garantia da Qualidade e Desenvolvimento de Produtos UBL PR,Castro - PR
256,Sua Vaga,Est√°gio - Qualidade ,Goi√¢nia - GO
257,Seja Pointer Lover ,Pointer | Est√°gio - HD,Marechal D... - AL
258,Hospital Moinhos de Vento,EST√ÅGIO - ENGENHARIA ELETROMEC√ÇNICA ,Porto Alegre - RS
259,Techne ,Est√°gio em Suporte de Software,S√£o Paulo - SP
260,Hospital Moinhos de Vento,"EST√ÅGIO - CONT√ÅBEIS, ENGENHARIA DE PRODU√á√ÉO, ECONOMIA, ADMINISTRA√á√ÉO, GEST√ÉO EM SA√öDE ",Porto Alegre - RS
261,Trabalhe na Mills,Est√°gio Universit√°rio,Maring√° - PR
262,IBR Gerenciamento e Projetos,Est√°gio para atuar com projetos de engenharia mec√¢nica,Florian√≥polis - SC
263,Cielo,Est√°gio em Compliance e Preven√ß√£o √† Lavagem de Dinheiro,Barueri - SP
264,IBR Gerenciamento e Projetos,Est√°gio para  atuar com projetos de engenharia Hidrossanit√°rio ,Florian√≥polis - SC
265,Hospital Moinhos de Vento,EST√ÅGIO - JUR√çDICO,Porto Alegre - RS
266,Instituto de Pesquisas ELDORADO,Est√°gio em UI/UX Design,Manaus - AM
267,NWADV,Est√°gio em Direito,N√£o informado
268,NWADV,Est√°gio em Direito,N√£o informado
269,Votorantim Cimentos - Futuros Talentos ,Estagi√°rio/Estagi√°ria de Gente ,Salto de P... - SP
270,Sicredi,0717 - Est√°gio - S√£o Jer√¥nimo da Serra/PR ,S√£o Jer√¥ni... - PR
271,Sicredi,0717 - Est√°gio - Santa Cec√≠lia do Pav√£o/PR,Santa Cec√≠... - PR
272,Grupo Positivo,EST√ÅGIO EDUCACIONAL,Curitiba - PR
273,Somos a Findes. Somos o lugar certo para voc√™ construir carreira!,SESI - Est√°gio em Pedagogia - Maru√≠pe,Vit√≥ria - ES
274,Quero ser #APr√≥ximaGera√ß√£o Machado Meyer,#APr√≥ximaGera√ß√£o | Est√°gio - Tribut√°rio Consultivo,S√£o Paulo - SP
275,Instituto de Pesquisas ELDORADO,Est√°gio em User Trial,Campinas - SP
276,Rede Decis√£o,Est√°gio de Licenciatura ,S√£o Paulo - SP
277,Craft Group,EST√ÅGIO EM COMEX (AIR IMPO),S√£o Paulo - SP
278,Grupo Afonso Fran√ßa,Est√°gio em Design Gr√°fico S√£o Paulo SP,S√£o Paulo - SP
279,Atech ,Banco de Talentos - Est√°gio,S√£o Paulo - SP
280,SiDi,Est√°gio em Seguran√ßa Ofensiva,Campinas - SP
281,Toledo do Brasil,Estagi√°ria/Estagi√°rio | Suporte T√©cnico,S√£o Bernar... - SP
282,Via√ß√£o Ouro e Prata,Est√°gio em Endomarketing - Porto Alegre ,Porto Alegre - RS
283,Inatel ,PDI - Est√°gio de Apoio em Elabora√ß√£o de Propostas T√©cnicas,Santa Rita... - MG
284,Centro Universit√°rio Facens,Est√°gio T√©cnico em Civil,Sorocaba - SP
285,Pecege,Est√°gio em RH - Departamento Pessoal,Piracicaba - SP
286,#vempranexa Brasil ,Est√°gio em Projetos de Capital para Suprimentos,S√£o Paulo - SP
287,#vempranexa Brasil ,Est√°gio em Performance e Melhoria Cont√≠nua em Suprimentos,S√£o Paulo - SP
288,#vempranexa Brasil ,Est√°gio em Gest√£o PMO,S√£o Paulo - SP
289,Randoncorp,Est√°gio na Engenharia de Produto - Randon Caxias ,Caxias do Sul - RS
290,Forluz,Est√°gio em Atu√°ria,Belo Horiz... - MG
291,Pulsus,Pessoa Estagiaria Administrativa,Porto Alegre - RS
292,Brognoli,Est√°gio em an√°lise de dados,Florian√≥polis - SC
293,Hospital Alem√£o Oswaldo Cruz,Programa de Est√°gio em Nutri√ß√£o 2024 ,S√£o Paulo - SP
294,Dannemann,Est√°gio | Contencioso C√≠vel - SP,S√£o Paulo - SP
295,Programa de Est√°gio VibraOn,Est√°gio | Controle de Qualidade ,Sete Lagoas - MG
296,Beacon School,Est√°gio em M√∫sica,S√£o Paulo - SP
297,Programa de Est√°gio VibraOn,Est√°gio | Seguran√ßa no Trabalho ,Sete Lagoas - MG
298,Great People,VAGA DE EST√ÅGIO AFIRMATIVA para Sales Development Representative (SDR),N√£o informado
299,BETC HAVAS,Est√°gio em Atendimento | Vaga afirmativa para p√∫blicos diversos,N√£o informado
300,Cogna Educa√ß√£o,MONITOR ESTAGIO FISIOTERAPIA RONDONOPOLIS,Rondon√≥polis - MT
301,Cogna Educa√ß√£o,MONITOR ESTAGIO - FARM√ÅCIA,Teixeira d... - BA
302,Sicredi,0228 - Est√°gio - Passo Fundo RS,Passo Fundo - RS
303,Cogna Educa√ß√£o,MONITOR ESTAGIO (FARM√ÅCIA),Teixeira d... - BA
304,Rede Verbita de Educa√ß√£o,Est√°gio Pedagogia ,Belo Horiz... - MG
305,Grupo VPA,Est√°gio - Sucesso do Cliente,Belo Horiz... - MG
306,IPHAC - Instituto Promover,Est√°gio Comunica√ß√£o Social: Rela√ß√µes P√∫blicas,Porto Alegre - RS
307,Rede Verbita de Educa√ß√£o,Est√°gio Pedagogia,Belo Horiz... - MG
308,Cogna Educa√ß√£o,MONITOR ESTAGIO ENFERMAGEM ITAPECERICA DA SERRA,Itapeceric... - SP
309,Nidec Global Appliance (Brasil),Est√°gio Universit√°rio em Finan√ßas (Tribut√°rio),Joinville - SC
310,One Big Media Group,Est√°gio em Customer Success,Belo Horiz... - MG
311,https://www.linkedin.com/company/avantiatecnologiaeseguranca/mycompany/,Est√°gio em Administra√ß√£o ,Recife - PE
312,Cogna Educa√ß√£o,MONITOR ESTAGIO FARMACIA ITAPECERICA,Itapeceric... - SP
313,Programa de Est√°gio Agriseiva,Est√°gio em Administra√ß√£o,Maracaju - MS
314,will bank,Pessoa Estagi√°ria em Controladoria ,S√£o Paulo - SP
315,VLI - portal de vagas externas,203229 - ESTAGIARIA OU ESTAGIARIO SUPERIOR 6H,Araguari - MG
316,Vitru Education,Est√°gio (Psicologia),Maring√° - PR
317,Col√©gio Uirapuru,Est√°gio - Licenciatura em Letras ,Sorocaba - SP
318,Cyrela,Estagio em projetos internos (El√©trica) ,S√£o Paulo - SP
319,Cogna Educa√ß√£o,MONITOR ESTAGIO BIOMEDICINA PARAUAPEBAS,Parauapebas - PA
320,Eleve Solu√ß√µes em Sa√∫de,[ELEVE] Est√°gio - Gestor de Inova√ß√£o,Natal - RN
321,Cogna Educa√ß√£o,MONITOR ESTAGIO PSICOLOGIA TABO√ÉO DA SERRA,Tabo√£o da ... - SP
322,Cogna Educa√ß√£o,MONITOR ESTAGIO ENFERMAGEM SANTA BARBARA D'OESTE,Santa B√°rb... - SP
323,FA√áA PARTE DO TIME DIMAS!,Est√°gio Administrativo ,Balne√°rio ... - SC
324,Saint-Gobain Produtos para Constru√ß√£o,üíº Banco de Talentos - Est√°gio (Feira Carreira UNIP) ,Jandira - SP
325,Cocamar Cooperativa Agroindustrial,Est√°gio Remunerado - Engenharia de Produ√ß√£o - Maring√°,Maring√° - PR
326,Ind√∫stria Manufatura,Est√°gio,Ponta Grossa - PR
327,CNI / SESI / SENAI / IEL,Est√°gio ‚Äì Tecnologias Educacionais,Bras√≠lia - DF
328,MadeiraMadeira,Pessoa Estagi√°ria de Opera√ß√µes (IguanaFix),S√£o Paulo - SP
329,Vem mobilizar sonhos com a gente! ,Est√°gio em P√≥s-Vendas,Guarulhos - SP
330,ALLOS,Pessoa Estagi√°ria em Opera√ß√µes - Financeiro/Comercial,Rio de Jan... - RJ
331,Quem somos,Est√°gio - Research (Sell-Side/Banco de Investimentos),S√£o Paulo - SP
332,BETC HAVAS,Est√°gio RTVC - Financeira e Administrativa | Vaga afirmativa para p√∫blicos diversos,N√£o informado
333,Fretad√£o,Est√°gio em Relacionamento Operacional,S√£o Paulo - SP
334,Docol Metais Sanit√°rios, Estagio Adm / Economia / Engenharia / Log√≠stica / Joinville - SC,Joinville - SC
335,#QueroSerMercantil,EST√ÅGIO - BUSINESS PARTNER,Belo Horiz... - MG
336,Junte-se ao time PASHAL! ‚ö´Ô∏èüü°,Est√°gio Secretariado,S√£o Paulo - SP
337,Energisa Est√°gio,ESTAGIO - √ÅREA T√âCNICA,Presidente... - SP
338,Grupo Direcional Engenharia,EST√ÅGIO ADMINISTRATIVO - GUADALUPE,Rio de Jan... - RJ
339,Oportunidades T-Systems,EST√ÅGIO EM PR√â-VENDAS (SAP/CLOUD/SECURITY),Sao Paulo - SP
340,Neoway,Pessoa Estagi√°ria de Gente & Gest√£o,S√£o Paulo - SP
341,Localfrio,Est√°gio em Projetos de Produtividade,S√£o Paulo - SP
342,Tecverde Engenharia S.A.,Est√°gio em Log√≠stica ,Arauc√°ria - PR
343,Grupo Direcional Engenharia,EST√ÅGIO ADMINISTRATIVO - CAMPO GRANDE,Rio de Jan... - RJ
344,POP Trade,Est√°gio - Gest√£o de Presen√ßa ,S√£o Paulo - SP
345,Grupo Direcional Engenharia,EST√ÅGIO T√âCNICO EM SEGURAN√áA DO TRABALHO - CAMPO GRANDE,Rio de Jan... - RJ
346,R√¥gga,PROGRAMA DE EST√ÅGIO - ENGENHARIA CIVIL E ARQUITETURA,Joinville - SC
347,ofi,Est√°gio - Garantia da Qualidade,Linhares - ES
348,Metalex,Est√°gio Superior - Fundi√ß√£o,Ara√ßariguama - SP
349,Energisa Est√°gio,ESTAGIO - TECNOLOGIA DA INFORMA√á√ÉO,Cataguases - MG
350,#SejaSicoobSul ,Est√°gio - CURITIBA ,Curitiba - PR
351,Oportunidades T-Systems,EST√ÅGIO EM PROCESSOS E QUALIDADE,Sao Paulo - SP
352,Venha construir o futuro com a gente!,Est√°gio Engenharia Civil/Arquitetura  - Fortaleza Ce,Fortaleza - CE
353,Grupo Direcional Engenharia,EST√ÅGIO EM T√âCNICO DE SEGURAN√áA DO TRABALHO,Belo Horiz... - MG
354,Vagas de Est√°gio - Valeo ,Est√°gio No Financeiro - Itatiba - SP,Itatiba - SP
355,Vagas confidenciais,Pessoa Estagi√°ria de Atendimento,Recife - PE
356,Votorantim Cimentos - Futuros Talentos ,Estagi√°ria/Estagi√°rio em Gente,Itau de Minas - MG
357,Honda,Est√°gio - TI,Sumar√© - SP
358,openlabs,Est√°gio em Recrutamento & Sele√ß√£o (vaga Afirmativa Mulheres pretas e pardas),Rio de Jan... - RJ
359,Nidec Global Appliance (Brasil),Est√°gio Universit√°rio em Engenharia (Usinagem),Joinville - SC
360,openlabs,Est√°gio em Recrutamento & Sele√ß√£o,Rio de Jan... - RJ
361,Pecege,Est√°gio Administrativo em Planejamento e Projetos em Educa√ß√£o,Piracicaba - SP
362,Syngenta Digital,Est√°gio em Customer Success | Cana-de-A√ß√∫car,Belo Horiz... - MG
363,Grupo Positivo,EST√ÅGIO PSICOLOGIA ,Ponta Grossa - PR
364,Venha construir o futuro com a gente!,Est√°gio Engenharia Civil/Arquitetura - S√£o Lu√≠s / MA,S√£o Lu√≠s - MA
365,idwall_co,Est√°gio em Customer Success [Techtouch],S√£o Paulo - SP
366,dtidigital,Est√°gio em Desenvolvimento Full Stack,Belo Horiz... - MG
367,dtidigital,Est√°gio em An√°lise de Dados ,Belo Horiz... - MG
368,Sicredi,Est√°gio - Ag√™ncia Morada do Sol/Ivoti / RS,Ivoti - RS
369,Grupo Direcional Engenharia,EST√ÅGIO T√âCNICO EM SEGURAN√áA DO TRABALHO - S√ÉO PAULO POA  ,S√£o Paulo - SP
370,JHSF | Holding,Est√°gio de Confeitaria | Hotel Fasano S√£o Paulo Itaim ,S√£o Paulo - SP
371,Sicredi,0717 - Est√°gio - Nova Friburgo - RJ,Nova Friburgo - RJ
372,Sicredi,0717 - Est√°gio - Teres√≥polis- RJ,Teres√≥polis - RJ
373,Cogna Educa√ß√£o,MONITOR ESTAGIO - IT.0001,Porto Alegre - RS
374,Cogna Educa√ß√£o,MONITOR ESTAGIO - IT.0001,Porto Alegre - RS
375,Unidades V4 Company,Designer - EST√ÅGIO | V4 Company Fran√ßa & Co,N√£o informado
376,#QueroSerMercantil,EST√ÅGIO - SEGURAN√áA E INFRAESTRUTURA,Belo Horiz... - MG
377,Cogna Educa√ß√£o,MONITOR ESTAGIO - FISIOTERAPIA ,S√£o Lu√≠s - MA
378,Cogna Educa√ß√£o,MONITOR ESTAGIO - FISIOTERAPIA,S√£o Lu√≠s - MA
379,Cogna Educa√ß√£o,MONITOR ESTAGIO Fisioterapia,S√£o Lu√≠s - MA
380,Cogna Educa√ß√£o,MONITOR ESTAGIO - FISIOTERAPIA ,S√£o Lu√≠s - MA
381,Cogna Educa√ß√£o,MONITOR ESTAGIO - FISIOTERAPIA ,S√£o Lu√≠s - MA
382,Cogna Educa√ß√£o,MONITOR ESTAGIO - ENFERMAGEM ,Itapeceric... - SP
383,Creare Sistemas,Est√°gio - Desenvolvimento de Software,Canoas - RS
384,Oliveira Ramos Advogados,Est√°gio em Direito Trabalhista,S√£o Paulo - SP
385,Cogna Educa√ß√£o,MONITOR ESTAGIO - SERVI√áO SOCIAL,Rio Grande - RS
386,Bemobi,Est√°gio em Produtos - Canais Digitais,Rio de Jan... - RJ
387,Cogna Educa√ß√£o,MONITOR ESTAGIO - IFisioterapia,Lauro de F... - BA
388,Cogna Educa√ß√£o,MONITOR ESTAGIO - Fisioterapia ,Lauro de F... - BA
389,Cogna Educa√ß√£o,MONITOR ESTAGIO -Fisioterapia ,Lauro de F... - BA
390,Cogna Educa√ß√£o,MONITOR ESTAGIO - BIOMEDICINA ,Campinas - SP
391,Amcham Carreiras,Est√°gio - Uberl√¢ndia,Uberl√¢ndia - MG
392,Positivo Tecnologia,Est√°gio em Planejamento de Materiais,Curitiba - PR
393,Creare Sistemas,Est√°gio - QA,Canoas - RS
394,Est√°gio Brasilata,Est√°gio em Engenharia de Automa√ß√£o,Barra do P... - RJ
395,Cogna Educa√ß√£o,MONITOR ESTAGIO  Nutri√ß√£o,Campinas - SP
396,Cogna Educa√ß√£o,MONITOR ESTAGIO -  BIOMEDICINA ,Campinas - SP
397,Oobj Tecnologia,Estagi√°ria (o) de Endomarketing com foco em Design,Goi√¢nia - GO
398,Supergasbras,Est√°gio em √Årea Comercial de Venda Direta,Caxias do Sul - RS
399,Sandvik Mining and Rock Technology,Programa de Est√°gio 2023 - BH,Belo Horiz... - MG
400,Venha construir o futuro com a gente!,Est√°gio Engenharia Civil/Arquitetura | Serra - ES,Serra - ES
401,data soul,Pessoa estagi√°ria de m√≠dia digital,Curitiba - PR
402,Venha construir o futuro com a gente!,Est√°gio Engenharia Civil/Arquitetura | Belo Horizonte - MG,Belo Horiz... - MG
403,NWADV,Est√°gio em Direito,Campinas - SP
404,Marcopolo S.A,EST√ÅGIO EM ENGENHARIA DE PROCESSOS QU√çMICOS,Caxias do Sul - RS
405,Dock,Banco de Talentos - Programa de Est√°gio,N√£o informado
406,Supergasbras,Est√°gio em Opera√ß√µes,Canoas - RS
407,Excelsior Seguros,Est√°gio Administrativo ,S√£o Paulo - SP
408,Atlas Copco Speciaty Rental,"Estagi√°ria(o) de Seguran√ßa, Sa√∫de e Meio Ambiente ",Maca√© - RJ
409,MadeiraMadeira,Pessoa Estagi√°ria de Log√≠stica | Curitiba - PR ,Curitiba - PR
410,Grupo SEB,Est√°gio,Ribeir√£o P... - SP
411,Piuka,Est√°gio em Ecommerce,Catanduva - SP
412,Aliare,Est√°gio em Documenta√ß√£o,Goi√¢nia - GO
413,Cogna Educa√ß√£o,MONITOR ESTAGIO - PSICOLOGIA,Paragominas - PA
414,Dr. Est√°gio,Est√°gio Auxiliar Administrativo ,Itapipoca - CE
415,Eurofarma,Est√°gio- Seguran√ßa do Trabalho ,Itapevi - SP
416,Dr. Est√°gio,Est√°gio Auxiliar de com√©rcio e varejo  ,Itapipoca - CE
417,Neogrid Carreiras,Est√°gio no Financeiro,Joinville - SC
418,#vempranexa Brasil ,Est√°gio em SSO - Sa√∫de e Seguran√ßa Ocupacional,S√£o Paulo - SP
419,#vempranexa Brasil ,Est√°gio em Jur√≠dico ,S√£o Paulo - SP
420,#vempranexa Brasil ,Est√°gio em Planejamento Financeiro,S√£o Paulo - SP
421,Radix Engenharia e Software,Est√°gio em An√°lise de Dados Industriais ,N√£o informado
422,Grupo Direcional Engenharia,EST√ÅGIO EM ENGENHARIA CIVIL (CANTEIRO DE OBRAS) - S√£o Paulo  ,S√£o Paulo - SP
423,Academia Wave,Wave Cambori√∫ | Est√°gio em Muscula√ß√£o ,Cambori√∫ - SC
424,Grupo Petlove,Est√°gio em People Analytics,S√£o Paulo - SP
425,Supermercados Mambo,Est√°gio Financeiro,S√£o Paulo - SP
426,GeekHunter üíú,Est√°gio Comercial Internacional ,Florian√≥polis - SC
427,AVIVA,Est√°gio Educa√ß√£o Infantil - Pedagogia - Unidade Boninas - Per√≠odo Tarde,S√£o Paulo - SP
428,AVIVA,Est√°gio Educa√ß√£o Infantil - Pedagogia - Unidade Moema - Per√≠odo Manh√£,S√£o Paulo - SP
429,BRASIF M√ÅQUINAS,Est√°gio Administrativo - Belo Horizonte,Belo Horiz... - MG
430,AVIVA,Est√°gio Educa√ß√£o Infantil - Pedagogia - Unidade Moema - Per√≠odo Intermedi√°rio,S√£o Paulo - SP
431,QCA,Est√°gio (a partir 3¬∫ periodo)  | Banco de Talentos,Recife - PE
432,Teltex Tecnologia,EST√ÅGIO NA √ÅREA DE ENGENHARIA PR√â-VENDAS S√ÉO PAULO,S√£o Paulo - SP
433,Cogna Educa√ß√£o,MONITOR ESTAGIO - Enfermagem,S√£o Lu√≠s - MA
434,Cogna Educa√ß√£o,MONITOR ESTAGIO - Enfermagem,S√£o Lu√≠s - MA
435,Cogna Educa√ß√£o,MONITOR ESTAGIO -ENFERMAGEM ,S√£o Lu√≠s - MA
436,Cogna Educa√ß√£o,MONITOR ESTAGIO - Enfermagem,Divin√≥polis - MG
437,Cogna Educa√ß√£o,MONITOR ESTAGIO - Enfermagem,Divin√≥polis - MG
438,Petz,Est√°gio T√©cnico Veterin√°rio - Seres Marginal Tiet√™,S√£o Paulo - SP
439,Silveiro Advogados,Est√°gio TI ,Porto Alegre - RS
440,NTS,Est√°gio em Rela√ß√µes Institucionais ,Rio de Jan... - RJ
441,ammo varejo,Est√°gio em Planejamento Financeiro e An√°lise (FP&A),S√£o Paulo - SP
442,Eu Amo Trabalhar Aqui,Est√°gio em Finan√ßas  ,S√£o Jo√£o D... - MG
443,Venha construir o futuro com a gente!,Est√°gio Engenharia Civil/Arquitetura | Serra - ES ,Serra - ES
444,Cocamar Cooperativa Agroindustrial,Est√°gio Remunerado - Engenharia de Alimentos,Maring√° - PR
445,eMotion Studios,Est√°gio em Recursos Humanos,Belo Horiz... - MG
446,ALLOS,Pessoa Estagi√°ria Financeiro Comercial,Juiz de Fora - MG
447,Venha construir o futuro com a gente!,Est√°gio Engenharia Civil/Arquitetura | Uberl√¢ndia-MG ,Uberl√¢ndia - MG
448,Centro Universit√°rio Facens,Est√°gio Huawei ,Sorocaba - SP
449,AMLabs Ventures,Est√°gio em Eletronica,Campinas - SP
450,Sicredi,"Est√°gio :) Ag√™ncia Sicredi Floresta, Cascavel/PR.",Cascavel - PR
451,Eurobike,Est√°gio Administrativo,Bras√≠lia - DF
452,Roost,Est√°gio em Contabilidade,Curitiba - PR
453,Venha ser um AGente de transforma√ß√£o!,Est√°gio em Gest√£o de Pessoas,Florian√≥polis - SC
454,ALLOS,Pessoa Estagi√°ria em Arquitetura - Projetos,Curitiba - PR
455,Bodylaser ,Est√°gio em Biomedicina  ,Rio de Jan... - RJ
456,Eletromidia,Est√°gio em Rela√ß√µes com Investidores,S√£o Paulo - SP
457,Vem mobilizar sonhos com a gente! ,Est√°gio em Engenharia Industrial,Guarulhos - SP
458,Sicredi,Est√°gio Sede Administrativa Sicredi - Medianeira/PR,Medianeira - PR
459,Cogna Educa√ß√£o,MONITOR ESTAGIO - Psicologia,Bras√≠lia - DF
460,Reis Advogados,Est√°gio ,Ribeir√£o P... - SP
461,Aliare,Est√°gio de Comunica√ß√£o,Goi√¢nia - GO
462,Open Co,Est√°gio em B2B - SDR [RJ],Rio de Jan... - RJ
463,Farmax,Programa de Est√°gio Farmax - 2024 - Novos Talentos ,Divin√≥polis - MG
464,Nossas vagas,Est√°gio Administra√ß√£o - Eventos Corporativos,S√£o Paulo - SP
465,Trabalhe na Mills,Est√°gio T√©cnico,S√£o Lu√≠s - MA
466,Sandvik Mining and Rock Technology,Programa de Est√°gio 2023 - Vespasiano,Vespasiano - MG
467,Venha construir o futuro com a gente!,Est√°gio Engenharia Civil/Arquitetura | Lagoa Santa-MG,Lagoa Santa - MG
468,Cogna Educa√ß√£o,MONITOR ESTAGIO - FISIOTERAPIA,Uberl√¢ndia - MG
469,MadeiraMadeira,Pessoa Estagi√°ria de Marketplace 3P,Curitiba - PR
470,Marcopolo S.A,EST√ÅGIO - ENGENHARIA DO PRODUTO / S√ÉO MATEUS - ES,Sao Mateus - ES
471,Renault do Brasil,Est√°gio - Engenharia de Qualidade ,S√£o Jos√© d... - PR
472,Carreiras Cl√≠nica Imagem,Est√°gio de T√©cnico em Radiologia - Florian√≥polis  ,Florian√≥polis - SC
473,Renault do Brasil,Est√°gio - Administra√ß√£o de Compras,S√£o Jos√© d... - PR
474,LOFT DESIGN Franquias,Est√°gio em Desenvolvimento de Produto,Florian√≥polis - SC
475,Eletromidia,Est√°gio em Opera√ß√µes Comerciais ,S√£o Paulo - SP
476,Ita√∫ Unibanco,EST√ÅGIO COMERCIAL - CAMA√áARI / BA,Sao Paulo - SP
477,Produttivo,Est√°gio HTML b√°sico e Excel Intermedi√°rio,Curitiba - PR
478,Renault do Brasil,Est√°gio - Engenharia de Projetos (RTA/DEA-CPSI),S√£o Jos√© d... - PR
479,Passarelli,Programa de Est√°gio - Passarelli (Engenharia Civil) Manaus/AM,Manaus - AM
480,Passarelli,Programa de Est√°gio - Passarelli (Engenharia Civil) Tef√©/AM,Tef√© - AM
481,Cogna Educa√ß√£o,MONITOR ESTAGIO - Nutri√ß√£o,Lauro de F... - BA
482,Renault do Brasil,Est√°gio - Manuten√ß√£o (CVP),S√£o Jos√© d... - PR
483,ALS LIFE SCIENCES,PESSOA ESTAGIARIA DE LABORATORIO ECOTOXICOLOGIA - SP,S√£o Paulo - SP
484,Gest√£oDS,Est√°gio em Edi√ß√£o de V√≠deos,Santa Maria - RS
485,Cogna Educa√ß√£o,MONITOR ESTAGIO - Nutri√ß√£o,Lauro de F... - BA
486,Cogna Educa√ß√£o,MONITOR ESTAGIO - Nutri√ß√£o,Lauro de F... - BA
487,Cogna Educa√ß√£o,MONITOR ESTAGIO - Nutri√ß√£o,Lauro de F... - BA
488,Cogna Educa√ß√£o,MONITOR ESTAGIO - NUTRI√áAO,Lauro de F... - BA
489,Cyrela,Est√°gio em Arquitetura/Engenharia - Preference (Qualidade),S√£o Paulo - SP
490,NWADV,Est√°gio em Direito - Direito C√≠vel - Execu√ß√£o de Honor√°rios,S√£o Paulo - SP
491,Cogna Educa√ß√£o,MONITOR ESTAGIO - Fisioterapia,Londrina - PR
492,Oportunidades T-Systems,EST√ÅGIO EM INFRAESTRUTURA ,Sao Bernar... - SP
493,Cyrela, Est√°gio em Engenharia Civil - Obra (Campinas),Campinas - SP
494,Cogna Educa√ß√£o,MONITOR ESTAGIO - FISIOTERAPIA,Londrina - PR
495,Cogna Educa√ß√£o,MONITOR ESTAGIO - NUTRI√á√ÉO,Tabo√£o da ... - SP
496,Cogna Educa√ß√£o,MONITOR ESTAGIO -FISIOTERAPIA ,Londrina - PR
497,Radix Engenharia e Software,Est√°gio em Processo,N√£o informado
498,Cogna Educa√ß√£o,MONITOR ESTAGIO - - FISIOTERAPIA,Londrina - PR
499,Unifeob,Est√°gio - Marketing,S√£o Jo√£o d... - SP
500,Grupo MAG,Est√°gio em Informa√ß√µes Gerenciais  (Gest√£o de Contratos e Parcerias),Rio de Jan... - RJ
501,Cogna Educa√ß√£o,MONITOR ESTAGIO - PSICOLOGIA ,An√°polis - GO
502,WayCarbon,Pessoa Estagi√°ria Tradutora e Revisora - Gente e Gest√£o,Belo Horiz... - MG
503,Grupo Bamaq | Paix√£o pelo que Fazemos,Est√°gio Oficina (New Holland) - Contagem,Contagem - MG
504,Lojas Renner,Est√°gio Administrativo,Porto Alegre - RS
505,Teltex Tecnologia,EST√ÅGIO NA √ÅREA DE LOG√çSTICA S√ÉO PAULO,S√£o Paulo - SP
506,Ind√∫stria Manufatura,Recrutamento interno - Est√°gio em Log√≠stica,V√°rzea Pau... - SP
507,Tintomax Tintas,Banco de Curr√≠culos | Est√°gio - Auxiliar de expedi√ß√£o - Joinville,Joinville - SC
508,GRUPO ND,Est√°gio de Controladoria,Florian√≥polis - SC
509,Tintomax Tintas,Banco de Curr√≠culos | Est√°gio - Auxiliar administrativo de caixa,Joinville - SC
510,Construtora Tenda,Est√°gio em Instala√ß√µes El√©tricas,S√£o Paulo - SP
511,Digital Business,Est√°gio em Design,Porto Alegre - RS
512,Tintomax Tintas,Est√°gio - Auxiliar de expedi√ß√£o - Barra Velha  ,Barra Velha - SC
513,Rede de Ensino APOGEU,Est√°gio em Pedagogia e Psicologia,Minas Gerais - MG
514,Santa Casa BH,Est√°gio de Enfermagem - Unidade de Cuidados Intensivos ,Belo Horiz... - MG
515,Safra,Est√°gio ITA,N√£o informado
516,Seja epharmer,Pessoa Estagi√°ria em Atendimento ao Paciente,Barueri - SP
517,Ecossistema Ahgora,Est√°gio em Desenvolvimento de Sistemas,Americana - SP
518,Seja epharmer,Pessoa Estagi√°ria de Atendimento,Barueri - SP
519,UNICRED CENTRAL GERA√á√ÉO,Est√°gio (Renova√ß√£o) | Unicred Corretora - Porto Alegre/RS,Porto Alegre - RS
520,Padtec,Est√°gio em Controladoria,Campinas - SP
521,Grupo SEB,Est√°gio Bil√≠ngue ,S√£o Paulo - SP
522,DRUID CREATIVE,Pessoa estagi√°ria em Direito,S√£o Paulo - SP
523,Venha construir o futuro com a gente!,Est√°gio Engenharia Civil/Arquitetura | Uberl√¢ndia - MG,Uberl√¢ndia - MG
524,JOTA Carreira,Est√°gio Administrativo (S√£o Paulo) - exclusiva para pessoas negras,S√£o Paulo - SP
525,Confidencial ,Est√°gio Administrativo Financeiro,Porto Alegre - RS
526,NETCON AMERICAS BRASIL,Est√°gio - T√©cnico Eletrot√©cnico,Recife - PE
527,Espa√ßo Smart,Est√°gio - Recep√ß√£o (Boa Vista) - Ponta Grossa,Ponta Grossa - PR
528,Gest√£oDS,Est√°gio em Relacionamento com o Cliente,Santa Maria - RS
529,Voiter,Banco de Talentos Est√°gio | Voiter,S√£o Paulo - SP
530,R√¥gga,PROGRAMA DE EST√ÅGIO - DIREITO,Joinville - SC
531,ABRH Est√°gio,Programa de Est√°gio DANA Limeira SP 2023/2,Limeira - SP
532,Rocha Telecom,ESTAGIO TRIAGEM - OUTLET DO CELULAR,Bauru - SP
533,Programa de Est√°gio Engenharia 2024 | J.Assy,Est√°gio Designer UI/UX,S√£o Paulo - SP
534,ABRH Est√°gio,Programa de Est√°gio DANA Jundia√≠ SP 2023/2,Jundia√≠ - SP
535,Programa de Est√°gio Engenharia 2024 | J.Assy,Est√°gio An√°lise Estat√≠stica,S√£o Paulo - SP
536,Vinci Partners,Est√°gio de Compliance,S√£o Paulo - SP
537,ABRH Est√°gio,Programa de Est√°gio DANA Campinas SP 2023/2,Campinas - SP
538,Cadastra ,Data Strategy Assistant - Est√°gio,S√£o Paulo - SP
539,Cogna Educa√ß√£o,MONITOR ESTAGIO NUTRI√á√ÉO (MANH√É/TARDE),Betim - MG
540,Cogna Educa√ß√£o,MONITOR ESTAGIO - FISIOTERAPIA,Belo Horiz... - MG
541,ABRH Est√°gio,Programa de Est√°gio DANA Sorocaba SP 2023/2,Sorocaba - SP
542,Programa de Est√°gio Engenharia 2024 | J.Assy,Est√°gio Desenvolvimento Eletr√¥nico ,S√£o Paulo - SP
543,Cogna Educa√ß√£o,MONITOR ESTAGIO - FISIOTERAPIA,Belo Horiz... - MG
544,Cogna Educa√ß√£o,MONITOR ESTAGIO - BIOMEDICINA,Bras√≠lia - DF
545,ABRH Est√°gio,Programa de Est√°gio DANA RS 2023/2,Gravata√≠ - RS
546,sejacnn,Banco de Curr√≠culos - Est√°gio / S√£o Paulo,S√£o Paulo - SP
547,Diel Energia, Est√°gio - Sucesso do Cliente - Efici√™ncia Energ√©tica  ,S√£o Paulo - SP
548,Programa de Est√°gio Engenharia 2024 | J.Assy,Est√°gio Desenvolvimento Mec√¢nico ,S√£o Paulo - SP
549,YEES!,Est√°gio em TI,Sorocaba - SP
550,OR,Est√°gio de Engenharia Civil | Comercial e Suprimentos,Recife - PE
551,Col√©gio Ranieri ,Est√°gio em Administra√ß√£o  ,S√£o Paulo - SP
552,sejacnn,Banco de Curr√≠culos - Est√°gio / Bras√≠lia ,Brasilia - DF
553,Santa Marcelina Educa√ß√£o,Est√°gio - Letras,Belo Horiz... - MG
554,Construtora Tenda,ESTAGIO - GENTE E GEST√ÉO,S√£o Paulo - SP
555,B. Braun Group ,Est√°gio em Comunica√ß√£o de Marketing,Rio de Jan... - RJ
556,Wilson Sons,Est√°gio em Intelig√™ncia Operacional | Tecon Salvador,Salvador - BA
557,Centro Universit√°rio Facens,Est√°gio LINCE,Sorocaba - SP
558,Forluz,Est√°gio de Gente e Gest√£o,Belo Horiz... - MG
559,Forluz,Est√°gio de Folha de Benef√≠cios,Belo Horiz... - MG
560,TIMAC Agro Brasil,EST√ÅGIO SUPORTE AO USU√ÅRIO CRM (ADMINISTRATIVO) - PORTO ALEGRE/RS,Porto Alegre - RS
561,Quero Educa√ß√£o,Est√°gio em An√°lise de Dados,S√£o Jos√© d... - SP
562,Trabalhe na Mills,Est√°gio T√©cnico,Serra - ES
563,dtidigital,Est√°gio em Product Designer,Belo Horiz... - MG
564,Ecolab,Est√°gio Qu√≠mico - Cuiab√°/MT,Cuiab√° - MT
565,Aegea Saneamento,Est√°gio em Engenharia (Foco na √°rea de Sistemas),Santa B√°rb... - SP
566,Aegea Saneamento,Est√°gio em Engenharia,Santa B√°rb... - SP
567,Rede Sa√∫de da Fam√≠lia,[ELV] Est√°gio Contact Center,Natal - RN
568,Col√©gio Visconde de Porto Seguro,EST√ÅGIO EM PSICOLOGIA,Valinhos - SP
569,Col√©gio Visconde de Porto Seguro,EST√ÅGIO EM PSICOLOGIA,Valinhos - SP
570,Cogna Educa√ß√£o,MONITOR ESTAGIO - ENFERMAGEM ,Londrina - PR
571,Cogna Educa√ß√£o,MONITOR ESTAGIO - NUTRICAO,S√£o Jos√© d... - SP
572,Cogna Educa√ß√£o,MONITOR ESTAGIO - Biomedicina,Belo Horiz... - MG
573,Cogna Educa√ß√£o,MONITOR ESTAGIO - Biomedicina,Belo Horiz... - MG
574,Cogna Educa√ß√£o,MONITOR ESTAGIO - Biomedicina,Belo Horiz... - MG
575,Zaraplast,Est√°gio de Controle da Qualidade  ,Cabre√∫va - SP
576,Cogna Educa√ß√£o,MONITOR ESTAGIO - Biomedicina,Belo Horiz... - MG
577,Cogna Educa√ß√£o,MONITOR ESTAGIO - BIOMEDICINA,Belo Horiz... - MG
578,Cogna Educa√ß√£o,MONITOR ESTAGIO - Biomedicina,Belo Horiz... - MG
579,ALLOS,Pessoa Estagi√°ria em projetos/obras,Belo Horiz... - MG
580,Instituto de Pesquisas ELDORADO,Est√°gio em Comunica√ß√£o,Manaus - AM
581,Grupo RBS,Est√°gio de Gradua√ß√£o - Administrativo Eventos,Porto Alegre - RS
582,ALLOS,Pessoa Estagi√°ria de Arquitetura - Projetos,Barueri - SP
583,Venha ser Santa Casa,Est√°gio - Farm√°cia,Porto Alegre - RS
584,Grupo JCA,Programa de Est√°gio Grupo JCA,S√£o Paulo - SP
585,Cogna Educa√ß√£o,MONITOR ESTAGIO ,Paragominas - PA
586,Cogna Educa√ß√£o,MONITOR ESTAGIO ,Paragominas - PA
587,Cogna Educa√ß√£o,MONITOR ESTAGIO ,Rio Grande - RS
588,Comerc Energia,Est√°gio,S√£o Paulo - SP
589,Nexti ,Est√°gio Compras | H√≠brido,S√£o Jos√© - SC
590,Natto,Programa de est√°gio - Natto,Balsas - MA
591,NWADV,Est√°gio em Direito,S√£o Paulo - SP
592,SPC Brasil,Est√°gio Analytics,S√£o Paulo - SP
593,Grupo Maqnelson,EST√ÅGIO (IRRIGA√á√ÉO),Uberl√¢ndia - MG
594,Nexti ,Est√°gio Financeiro | H√≠brido,S√£o Jos√© - SC
595,Ploomes,Est√°gio em Customer Experience ,S√£o Paulo - SP
596,SiDi,Estagio em Desenvolvimento Android,Campinas - SP
597,Sicredi,0728 - Est√°gio - Loanda/PR,Loanda - PR
598,Vagas de Est√°gio - Valeo ,Banco de Talentos (Feira Mackenzie) - Est√°gios Valeo,Campinas - SP
599,B4A,Est√°gio em IT Operations,S√£o Paulo - SP
600,Cogna Educa√ß√£o,MONITOR ESTAGIO - ENFERMAGEM,Passo Fundo - RS
601,Cogna Educa√ß√£o,MONITOR ESTAGIO - ENFERMAGEM ,Passo Fundo - RS
602,Energisa Est√°gio,Est√°gio (Middle Office),Rio de Jan... - RJ
603,Vinci Partners,Est√°gio de Investment Solutions,S√£o Paulo - SP
604,Fluxo Solu√ß√µes Integradas,EST√ÅGIO DE ENGENHARIA NA √ÅREA COMERCIAL (RJ),Rio de Jan... - RJ
605,Votorantim Cimentos,"Estagi√°ria/Estagi√°rio T√©cnico de SSMA (Sa√∫de, Seguran√ßa e Meio Ambiente)",S√£o Lu√≠s - MA
606,Dannemann,Est√°gio Contencioso C√≠vel | Equipe Estadual ,Rio de Jan... - RJ
607,Carreiras Decathlon,Pessoa Estagi√°ria - Comunica√ß√£o em Opera√ß√µes,S√£o Paulo - SP
608,Grupo SH Brasil,Est√°gio N.U - Gest√£o Comercial - CAMA√áARI,Cama√ßari - BA
609,Energisa Est√°gio,ESTAGIO - √ÅREA ADMINISTRATIVA ,Cataguases - MG
610,HPE Automotores,Est√°gio Log√≠stica | Catal√£o/GO ,Catal√£o - GO
611,Amcham Carreiras,Est√°gio - Recife,Recife - PE
612,Grupo Direcional Engenharia,EST√ÅGIO EM ENGENHARIA CIVIL  -  SALVADOR,Salvador - BA
613,Vagas Crescimentum,Est√°gio em Design de Aprendizagem,S√£o Paulo - SP
614,Medway,Est√°gio em Conte√∫do SEO,S√£o Paulo - SP
615,Programa de Est√°gio VibraOn,Est√°gio | Fisioterapia ,Itapejara ... - PR
616,Baterias Moura,Est√°gio - Staff de Vendas | Lauro de Freitas/BA,Lauro de F... - BA
617,Seja Every seguran√ßa da informa√ß√£o cybersecurity Every #SerFeliz LGPD GRC gerenciamento de risco inova√ß√£o Every TI VempraEvery Vem pra Every ,Est√°gio - Recursos Humanos,Bras√≠lia - DF
618,Wine.com.br,Lojas: Pessoa Estagi√°ria de CRM,N√£o informado
619,Mac Jee,PROGRAMA DE EST√ÅGIO 2024,S√£o Jos√© d... - SP
620,MCX Cont√°bil,Vaga de Est√°gio em Recursos Humanos,Guarulhos - SP
621,MCX Cont√°bil,Vaga de Est√°gio em Departamento Pessoal,Guarulhos - SP
622,Supergasbras,Est√°gio Financeiro - Paul√≠nia ,Paul√≠nia - SP
623,MCX Cont√°bil,Vaga de Est√°gio em Contabilidade,Guarulhos - SP
624,Vyttra Diagn√≥sticos,EST√ÅGIO FINANCEIRO,S√£o Paulo - SP
625,"Cescon, Barrieu, Flesch e Barreto Advogados",Est√°gio | Propriedade Intelectual ,S√£o Paulo - SP
626,Korp,Est√°gio DevOps,Curitiba - PR
627,Marcopolo S.A,EST√ÅGIO EM RECRUTAMENTO E SELE√á√ÉO,Caxias do Sul - RS
628,Korp,"Est√°gio de Desenvolvedor(a) Web Fullstack (Golang, C#, Angular, React)",Curitiba - PR
629,LiveMode,Vaga Est√°gio | Planejamento Comercial,S√£o Paulo - SP
630,ESSS,Est√°gio em CAE CFD - iESSS,N√£o informado
631,Vem mobilizar sonhos com a gente! ,Est√°gio em Engenharia de Desenvolvimento,Guarulhos - SP
632,Est√°gio Brasilata,Est√°gio em Qualidade,Barra do P... - RJ
633,MadeiraMadeira,Pessoa Estagi√°ria de Cadastro de Produto (MarketplaceOut),Curitiba - PR
634,Alfa,Pessoa Estagi√°ria (Controladoria),S√£o Paulo - SP
635,SiDi,Est√°gio em Testes de Software,Campinas - SP
636,Quebec Construtora,Est√°gio em Engenharia Comercial,Belo Horiz... - MG
637,Grupo RBS,Est√°gio Jornalismo ,Caxias do Sul - RS
638,Alfa,Pessoa Estagi√°ria (Atendimento ao cliente),S√£o Paulo - SP
639,Quebec Construtora,Est√°gio em Ci√™ncias Cont√°beis ,Belo Horiz... - MG
640,Energisa Est√°gio,ESTAGIO - √ÅREA T√âCNICA ,Bragan√ßa P... - SP
641,Vem mobilizar sonhos com a gente! ,Est√°gio em Qualidade,Guarulhos - SP
642,Energisa Est√°gio,ESTAGIO - TECNOLOGIA DA INFORMA√á√ÉO,Cataguases - MG
643,Instituto de Pesquisas ELDORADO,Est√°gio em Graph Neural Networks,Campinas - SP
644,ALLOS,Pessoa Estagi√°ria em Direito,Rio de Jan... - RJ
645,Grupo Direcional Engenharia,EST√ÅGIO EM ENGENHARIA CIVIL  - BARRA DA TIJUCA ,Rio de Jan... - RJ
646,Quero ser #APr√≥ximaGera√ß√£o Machado Meyer,#APr√≥ximaGera√ß√£o | Est√°gio - Tribut√°rio Contencioso  ,S√£o Paulo - SP
647,Westwing,Est√°gio em cria√ß√£o de conte√∫do,S√£o Paulo - SP
648,Energisa Est√°gio,ESTAGIO - TECNOLOGIA DA INFORMA√á√ÉO,Cataguases - MG
649,Grupo Direcional Engenharia,EST√ÅGIO EM ENGENHARIA CIVIL  - NOVA IGUA√áU ,Nova Igua√ßu - RJ
650,MCX Cont√°bil,Vaga de Est√°gio Fiscal Tribut√°rio,Guarulhos - SP
651,Positivo Tecnologia,Est√°gio em Marketing,Curitiba - PR
652,Energisa Est√°gio,ESTAGIO - JURIDICO,Rio Branco - AC
653,Rede Damas Educacional,Est√°gio em Pedagogia - Macei√≥/AL,Macei√≥ - AL
654,S√° Cavalcante,Est√°gio em Auditoria,Serra - ES
655,Baterias Moura,Est√°gio em Log√≠stica - An√°polis / GO,An√°polis - GO
656,Cogna Educa√ß√£o,MONITOR ESTAGIO - PSICOLOGIA,Paragominas - PA
657,Cogna Educa√ß√£o,MONITOR ESTAGIO ,Rio Grande - RS
658,Grupo Bamaq | Paix√£o pelo que Fazemos,Est√°gio Cr√©dito (CGF) - Contagem,Contagem - MG
659,Banco Ourinvest,Est√°gio em Cr√©dito,S√£o Paulo - SP
660,Craft Group,EST√ÅGIO EM COMERCIO EXTERIOR (LCL EXPO),Santos - SP
661,Escola S√£o Domingos & Sundays,Programa de Est√°gio ESD 2024,Vit√≥ria - ES
662,Cogna Educa√ß√£o,MONITOR ESTAGIO ,Rio Grande - RS
663,SYN Prop & Tech,Est√°gio Suprimentos - Grand Plaza,Santo Andr√© - SP
664,Cogna Educa√ß√£o,MONITOR ESTAGIO - ENFERMAGEM,Valinhos - SP
665,Aegea Saneamento,Est√°gio em Efici√™ncia Energ√©tica,Santa B√°rb... - SP
666,Sicredi,0728 - Est√°gio - Nova Londrina/PR,Nova Londrina - PR
667,BMW Group Brasil,Est√°gio em Recursos Humanos,Manaus - AM
668,Giant Steps Capital,Est√°gio Legal/Compliance,S√£o Paulo - SP
669,PETRONAS,Estagi√°ria (o) de Assist√™ncia T√©cnica,Contagem - MG
670,Votorantim Cimentos - Futuros Talentos ,Estagi√°ria/Estagi√°rio em Gest√£o Financeira de Investimentos Fabris / Corporativos,S√£o Paulo - SP
671,ofi,Est√°gio em Tecnologia da Informa√ß√£o - (Tend√™ncias de tecnologia e Inova√ß√£o),S√£o Paulo - SP
672,INSTITUTO BACCARELLI ,ESTAGIO EDUCA√á√ÉO F√çSICA - TAIPAS - S√ÉO PAULO ,S√£o Paulo - SP
673,INSTITUTO BACCARELLI ,ESTAGIO EDUCA√á√ÉO F√çSICA - PINHEIRINHO - S√ÉO PAULO ,S√£o Paulo - SP
674,Programa de Est√°gio Coca-Cola Andina Brasil,ESTAGIO TECNICO - DQCX  ,Duque de C... - RJ
675,Trabalhe Conosco ,Est√°gio na √°rea Administrativa T√©cnica,S√£o Paulo - SP
676,Grupo Ri Happy,EST√ÅGIO DE COMUNICA√á√ÉO & CULTURA ,Sao Paulo - SP
677,Cogna Educa√ß√£o,MONITOR ESTAGIO ENFERMAGEM,Rondon√≥polis - MT
678,INSTITUTO BACCARELLI ,ESTAGIO EDUCA√á√ÉO F√çSICA - PINHEIRINHO - S√ÉO PAULO ,S√£o Paulo - SP
679,ALLOS,Pessoa Estagi√°ria Financeiro Comercial ,S√£o Paulo - SP
680,Renault do Brasil,Est√°gio - Engenharia - Gest√£o de Qualidade Projetos,S√£o Jos√© d... - PR
681,Supera√ß√£o Marketing Digital,Est√°gio em design,Curitiba - PR
682,MRO,EST√ÅGIO - CONTROLADORIA,Rio de Jan... - RJ
683,C&A Brasil,Est√°gio Risco e Modelagem (Estat√≠stica) ,N√£o informado
684,IPHAC - Instituto Promover,Est√°gio Engenharia Civil,Aparecida ... - GO
685,Mercadinhos S√£o Luiz,Est√°gio de TI ,Fortaleza - CE
686,Renault do Brasil,Est√°gio - Engenharia de Qualidade Fornecedores (DQSCF),S√£o Jos√© d... - PR
687,Villela Brasil Bank | Gest√£o de Carreiras,Est√°gio Atendimento P√≥s Venda,N√£o informado
688,NORSUL,Est√°gio - Engenharia Mec√¢nica ,Aracruz - ES
689,Midea Carrier,Est√°gio | Banco de Talentos Feira de Oportunidades - ULBRA | Canoas,Canoas - RS
690,MRO,EST√ÅGIO - JURIDICO,Rio de Jan... - RJ
691,Grupo Positivo,EST√ÅGIO DEPARTAMENTO JUR√çDICO,Curitiba - PR
692,Grupo Direcional Engenharia,EST√ÅGIO EM ENGENHARIA CIVIL - OR√áAMENTOS,Belo Horiz... - MG
693,Col√©gio Franco-Brasileiro,Est√°gio em Media√ß√£o Escolar | Col√©gio Franco-Brasileiro,Rio de Jan... - RJ
694,Randoncorp,Est√°gio em Engenharia de Vendas - Auttom,Caxias do Sul - RS
695,Venha construir o futuro com a gente!,"Est√°gio Engenharia Civil/Arquitetura - S√£o Paulo, SP",S√£o Paulo - SP
696,Automob,EST√ÅGIO EM TREINAMENTO E QUALIDADE,S√£o Paulo - SP
697,Automob,EST√ÅGIO COMERCIAL,S√£o Jos√© d... - SP
698,Automob,EST√ÅGIO COMERCIAL,Aruj√° - SP
699,Cyrela,Est√°gio Engenharia Civil | Assist√™ncia T√©cnica,Porto Alegre - RS
700,Lojas Renner,Est√°gio - HR BP Analytics,Porto Alegre - RS
701,ALLOS,Pessoa Estagi√°ria Financeiro Comercial,S√£o Paulo - SP
702,Cadastra ,Account Assistant - Est√°gio (SP),S√£o Paulo - SP
703,ALLOS,Pessoa Estagiaria Comercial,Rio de Jan... - RJ
704,ALLOS,Pessoa Estagi√°ria em Opera√ß√µes,Maring√° - PR
705,Contcommerce,Est√°gio em Administra√ß√£o l Contabilidade,Santos - SP
706,Galapagos Capital,Est√°gio em Desenvolvimento de Neg√≥cios (PX Ativos Judiciais),S√£o Paulo - SP
707,Galapagos Capital,Programa de Est√°gio de F√©rias 2024,S√£o Paulo - SP
708,ALLOS,Pessoa Estagi√°ria Arquitetura Projetos,Juiz de Fora - MG
709,Mais Diversidade,Est√°gio em Melhoria Cont√≠nua - Avery Dennison,Vinhedo - SP
710,VISEU ADVOGADOS,Est√°gio | Contencioso C√≠vel,S√£o Paulo - SP
711,CEL Intercultural School,Est√°gio em Media√ß√£o Escolar | CEL Barra,Rio de Jan... - RJ
712,Vagas Crescimentum,Est√°gio Financeiro,S√£o Paulo - SP
713,Quem somos,Est√°gio em Gest√£o da Inova√ß√£o e Intelig√™ncia de Mercado,S√£o Paulo - SP
714,Cogna Educa√ß√£o,MONITOR ESTAGIO - BIOMEDICINA,Salvador - BA
715,Ag√™ncia Estado,Est√°gio em Jornalismo - Foco em Agroneg√≥cio,S√£o Paulo - SP
716,dtidigital,Est√°gio em Administra√ß√£o (H√≠brido),Belo Horiz... - MG
717,Grupo Positivo,EST√ÅGIO EDUCACIONAL,Ponta Grossa - PR
718,Lojas Renner,Est√°gio em Compras (Produto) ,Porto Alegre - RS
719,PETRONAS,"Estagi√°ria (o) de HSSE (Sa√∫de, Seguran√ßa e Meio Ambiente)",Contagem - MG
720,Souto Correa Advogados ,Est√°gio em Consumidor - Porto Alegre (Modelo H√≠brido),Porto Alegre - RS
721,MadeiraMadeira,Pessoa Estagi√°ria de Pessoas e Cultura - Vaga afirmativa para PCD,Curitiba - PR
722,DataHub Analytics,Pessoa Estagi√°ria em Contabilidade,S√£o Paulo - SP
723,Code n' App,Est√°gio - QA,Vit√≥ria - ES
724,Col√©gio Franco-Brasileiro,Est√°gio em Tecnologia Educacional | Col√©gio Franco-Brasileiro,Rio de Jan... - RJ
725,Col√©gio Positivo,EST√ÅGIO DE PSICOLOGIA  ,Florian√≥po... - SC
726,Ind√∫stria Manufatura,Recrutamento interno - Est√°gio em engenharia Industrial ,V√°rzea Pau... - SP
727,Orthopride,Est√°gio ASB,Curitiba - PR
728,JGP,Est√°gio para Suporte N√≠vel 1,Rio de Jan... - RJ
729,Process Log & Comex,Est√°gio em Com√©rcio Exterior l Proje√ß√£o de custos (simula√ß√£o) ,Santos - SP
730,Cielo,Est√°gio em Atendimento ,Barueri - SP
731,Trabalhe na Mills,Est√°gio T√©cnico,Bauru - SP
732,Stoller do Brasil,Programa de Est√°gio Agronomia | Primeiro Semestre 2024,Campinas - SP
733,Trabalhe na Mills,Est√°gio T√©cnico,Ananindeua - PA
734,Sicredi,0717 - Est√°gio - Assis Prudenciana/PR,Assis - SP
735,Sicredi,0717 - Est√°gio - S√£o Sebasti√£o da Amoreira/PR,S√£o Sebast... - PR
736,Investtools,Est√°gio Comercial,Rio de Jan... - RJ
737,Sicredi,0717 - Est√°gio - Santa Am√©lia/PR,Santa Am√©lia - PR
738,Venha construir o futuro com a gente!,"Est√°gio Engenharia Civil- S√£o Paulo, SP",S√£o Paulo - SP
739,Sicredi,3009 - Est√°gio Mat√£o ,Mat√£o - SP
740,PriG - Instituto Primeira Gera√ß√£o,Accerte: Est√°gio para rec√©m-formados para √°rea Administrativa Financeira,Goi√¢nia - GO
741,Ecolab,Est√°gio em Pesquisa e Desenvolvimento - Suzano/SP,N√£o informado
742,Votorantim Cimentos - Futuros Talentos ,Estagi√°ria/Estagi√°rio - Intelig√™ncia de Mercado e Performance de Vendas,Curitiba - PR
743,Col√©gio Vila Ol√≠mpia,EST√ÅGIO DE PSICOLOGIA ,Florian√≥po... - SC
744,Col√©gio Vila Ol√≠mpia,EST√ÅGIO DE PSICOLOGIA OU LICENCIATURA - COL√âGIO VILA OL√çMPIA ,Florian√≥po... - SC
745,Grupo Positivo,EST√ÅGIO PEDAGOGIA ,Florian√≥po... - SC
746,Grupo Positivo,EST√ÅGIO PSICOLOGIA,Florian√≥po... - SC
747,Junto Seguros,Pessoa Estagi√°ria de Cr√©dito (H√≠brido) ,Curitiba - PR
748,Focus Contabilidade de Supermercados,Estagio Fiscal - Niter√≥i ,Niter√≥i - RJ
749,Sua Vaga,Est√°gio - Assistente Comercial  ,Jo√£o Pessoa - PB
750,Ambev,Programa de est√°gio - Pelotas (RS),Pelotas - RS
751,Instituto de Pesquisas ELDORADO,Est√°gio em processamento de linguagem natural,Campinas - SP
752,enjoei,pessoa estagi√°ria em crm,S√£o Paulo - SP
753,Cogna Educa√ß√£o,MONITOR ESTAGIO - Farm√°cia ,Imperatriz - MA
754,Ind√∫strias Reunidas Raymundo da Fonte,Est√°gio em Eletrot√©cnica,Bel√©m - PA
755,Cogna Educa√ß√£o,MONITOR ESTAGIO -  FARMACIA,Imperatriz - MA
756,Cogna Educa√ß√£o,MONITOR ESTAGIO - Farm√°cia ,Imperatriz - MA
757,Cogna Educa√ß√£o,MONITOR ESTAGIO - NUTRI√á√ÉO ,Sinop - MT
758,Cogna Educa√ß√£o,MONITOR ESTAGIO - ENFERMAGEM ,Porto Alegre - RS
759,Cogna Educa√ß√£o,MONITOR ESTAGIO - Enfermagem,Porto Alegre - RS
760,Cogna Educa√ß√£o,MONITOR ESTAGIO - FARMACIA,Imperatriz - MA
761,Grupo Delta Energia,Banco de curr√≠culos- Est√°gio Grupo Delta Energia,S√£o Paulo - SP
762,Filial Curitiba, Est√°gio em Projeto Mec√¢nico,N√£o informado
763,Cogna Educa√ß√£o,PESSOA ESTAGIARIA - ANALISE DE DADOS R&S,Valinhos - SP
764,IPHAC - Instituto Promover,EST√ÅGIO ADMINISTRA√á√ÉO/GEST√ÉO COMERCIAL,Goi√¢nia - GO
765,Neoway,Pessoa Estagi√°ria de Vendas,S√£o Paulo - SP
766,Allcare Gestora de Sa√∫de,Vaga de Estagio em Enfermagem - Afirmativo para m√£es ,S√£o Paulo - SP
767,GRUPO ND,Est√°gio de Jornalismo - Produ√ß√£o,Florian√≥polis - SC
768,Safetec,[Banco de Talentos] Est√°gio Pessoa Instrutora Google Workspace ,Recife - PE
769,Marcopolo S.A,EST√ÅGIO ADMINISTRATIVO - CENTRAL DE RES√çDUOS,Caxias do Sul - RS
770,Grupo Direcional Engenharia,EST√ÅGIO EM ENGENHARIA CIVIL  - JATOB√Å,N√£o informado
771,Code n' App,Est√°gio - An√°lise de Requisitos,Vit√≥ria - ES
772,Eletromidia,Est√°gio T√©cnico em Facilities ,S√£o Paulo - SP
773,Grupo Positivo,EST√ÅGIO EDUCACIONAL,Curitiba - PR
774,Icomm Group,Est√°gio em Edi√ß√£o de Imagem ,S√£o Paulo - SP
775,Est√°gio Brasilata,Est√°gio T√©cnico em Mec√¢nica,Barra do P... - RJ
776,Mitre Realty,Est√°gio em Financeiro,S√£o Paulo - SP
777,Sicredi,Est√°gio Risco de Cr√©dito,Porto Alegre - RS
778,LiveMode,Vaga Est√°gio Design ,Rio de Jan... - RJ
779,Bernhoeft,Est√°gio Seguran√ßa do Trabalho - Recife/PE,Recife - PE
780,Selfit Academias,Est√°gio em Engenharia Civil ,Recife - PE
781,Eletromidia,Est√°gio em Rela√ß√µes Governamentais / Concess√µes ,S√£o Paulo - SP
782,Nexti ,Est√°gio de Manuten√ß√£o | Terminais,S√£o Jos√© - SC
783,China Link Trading,Est√°gio em Comex | Comercial - CURITIBA,Curitiba - PR
784,Programa de Est√°gio VibraOn,Est√°gio | Financeiro,Montenegro - RS
785,Positivo Tecnologia,Est√°gio em Intelig√™ncia de Mercado ,Curitiba - PR
786,Renault do Brasil,Est√°gio - Administra√ß√£o e Tecnologia - Montagem (CVP),S√£o Jos√© d... - PR
787,Toledo do Brasil,Estagi√°ria/Estagi√°rio | Design Instrucional,S√£o Bernar... - SP
788,origem.programaest√°gio,Nossa Origem - Est√°gio N√≠vel Superior,N√£o informado
789,origem.programaest√°gio,Nossa Origem - Est√°gio N√≠vel T√©cnico,N√£o informado
790,V√≥rtx QR Tokenizadora  ,Est√°gio em Direito,S√£o Paulo - SP
791,SiDi,Est√°gio em Engenharia de Dados,Campinas - SP
792,Lojas Renner,Est√°gio em Marketing Corporativo (Campanhas),Porto Alegre - RS
793,Alfa,Pessoa Estagi√°ria (CSC),S√£o Paulo - SP
794,Toledo do Brasil,Estagi√°ria/Estagi√°rio | Engenharia (Projetos e Implementa√ß√£o),S√£o Bernar... - SP
795,Marcopolo S.A,EST√ÅGIO EM MARKETING ,Caxias do Sul - RS
796,Toledo do Brasil,Estagi√°ria/Estagi√°rio | Engenharia ,S√£o Bernar... - SP
797,Echoenergia,Est√°gio Administrativo,S√£o Paulo - SP
798,Fortbras,Est√°gio - Estrat√©gia de Neg√≥cios,S√£o Paulo - SP
799,Padtec,Est√°gio T√©cnico | TPM - Technical Project Management,Campinas - SP
800,PPG Carreiras,Est√°gio - Engenharia de Processo,Sumar√© - SP
801,EuroChem,Estagi√°ria ou Estagi√°rio de Marketing Digital - S√£o Paulo/SP,Paul√≠nia - SP
802,Cabot Brasil,Pessoa Estagi√°ria Engenharia de Projetos,Mau√° - SP
803,GRUPO SOMA,GRUPO SOMA | Est√°gio em Planejamento Financeiro (FP&A),Rio de Jan... - RJ
804,Forluz,Est√°gio em Previd√™ncia,Belo Horiz... - MG
805,Academia Wave,Wave Barra Norte | Est√°gio em Muscula√ß√£o ,Balne√°rio ... - SC
806,Academia Wave,Wave Centro | Est√°gio em Muscula√ß√£o,Balne√°rio ... - SC
807,Mercad√£o dos √ìculos,Est√°gio Administrativo ,S√£o Jos√© d... - SP
808,Souto Correa Advogados ,Est√°gio em Tribut√°rio - Porto Alegre (Modelo H√≠brido),Porto Alegre - RS
809,Grupo RBS,Est√°gio de Jornalismo - Podcast,Porto Alegre - RS
810,Cogna Educa√ß√£o,MONITOR ESTAGIO - IFarm√°cia ,Sinop - MT
811,Marcopolo S.A,EST√ÅGIO EM RH - FOLHA DE PAGAMENTO,Caxias do Sul - RS
812,Votorantim Cimentos - Futuros Talentos ,Estagi√°ria\Estagi√°rio - Gente ,Porto Velho - RO
813,Blueway Capital,Est√°gio em Middle Office,Goi√¢nia - GO
814,Votorantim Cimentos - Futuros Talentos ,Estagi√°ria/Estagi√°rio de Controle de Qualidade,Porto Velho - RO
815,DAYCOVAL,ESTAGIO - AGENCIA NOVO HAMBURGO,Novo Hamburgo - RS
816,Larco Petroleo,Est√°gio Administrativo / Ci√™ncias Cont√°beis - S√ÉO LUIS / MA,S√£o Lu√≠s - MA
817,Randoncorp,Est√°gio em Investimentos e Patrim√¥nio - CSC | Randoncorp Holding ,Caxias do Sul - RS
818,Grupo Direcional Engenharia,EST√ÅGIO EM ENGENHARIA CIVIL  - FORTALEZA,Fortaleza - CE
819,CSN - Companhia Sider√∫rgica Nacional,Est√°gio de Contrata√ß√£o de Transporte Internacional,S√£o Paulo - SP
820,Neogrid Carreiras,Est√°gio em Comunica√ß√£o Interna,S√£o Paulo - SP
821,Vagas de Est√°gio - Valeo ,Estagio Em Logistica - Campinas - SP (Valeo),Campinas - SP
822,Neogrid Carreiras,Est√°gio em Cria√ß√£o e Design,S√£o Paulo - SP
823,Faculdade Unimed ,Est√°gio Financeiro ,Belo Horiz... - MG
824,Programa de Est√°gio Track&Field,Banco de Talentos de Est√°gio | TRACK&FIELD | S√£o Paulo,S√£o Paulo - SP
825,Queima Di√°ria,Pessoa Estagi√°ria de M√≠dia e Performance,Belo Horiz... - MG
826,üöÄ A sele√ß√£o j√° est√° rolando na Track&Field! Vem com a gente?,Banco de Talentos de Est√°gio | TRACK&FIELD | S√£o Paulo,S√£o Paulo - SP
827,Unimed Vale do Sinos,Est√°gio - T√©cnico de Seguran√ßa do Trabalho,Novo Hamburgo - RS
828,Wilson Sons,Est√°gio em TI | Tecon Salvador,Salvador - BA
829,Grupo OM,Est√°gio em Dire√ß√£o de Arte,Pinhais - PR
830,Padtec,Est√°gio em Marketing de Produtos,Campinas - SP
831,Engepack,EST√ÅGIO - Financeiro,Salvador - BA
832,Sicoob UniMais Rio,Est√°gio em TI - Central Sicoob UniMais Rio,Rio de Jan... - RJ
833,Vem ser um Conecter. ,Pessoa Estagi√°ria de Neg√≥cios,S√£o Paulo - SP
834,Edify Education,Est√°gio Trainee Teacher,Rio de Jan... - RJ
835,Confidencial,Est√°gio em Engenharia de Processos - Suzano/SP,Suzano - SP
836,Webedia Brasil,Est√°gio em Afilia√ß√£o,Rio de Jan... - RJ
837,Construtora Tenda,ESTAGIO - OBRAS,Recife - PE
838,Soprano,Est√°gio Marketing,Farroupilha - RS
839,Unicred Central Conex√£o,Est√°gio Comercial - Itaja√≠ ,Itaja√≠  - SC
840,Vagas de Est√°gio - Saint Gobain,Estagio em RH (Automa√ß√£o),Jandira - SP
841,Grupo MAG,Est√°gio em Compliance,Rio de Jan... - RJ
842,Wilson Sons,Est√°gio em Engenharia | Tecon Salvador,Salvador - BA
843,Confidencial,Est√°gio An√°lise Sensorial - S√£o Paulo/SP,S√£o Paulo - SP
844,Col√©gio Visconde de Porto Seguro,EST√ÅGIO EM LETRAS,N√£o informado
845,Grupo Bamaq | Paix√£o pelo que Fazemos,Est√°gio (DVM) - Contagem,Contagem - MG
846,CNP Seguradora,Est√°gio de Compras,Bras√≠lia - DF
847,Padtec,Est√°gio Universit√°rio em TPM - Technical Project Management,Campinas - SP
848,Santa Casa BH,Est√°gio N√≠vel Superior - Compliance e Integridade ,N√£o informado
849,CISER,Est√°gio T√©cnico  - Engenharia de Processos,Araquari - SC
850,Eckermann | Yaegashi | Santos - Sociedade de Advogados,EST√ÅGIO JUR√çDICO - POLO ATIVO,S√£o Paulo - SP
851,Eurofarma,Est√°gio Desenvolvimento M√©todos Anal√≠ticos ‚Äì Novos Produtos,Itapevi - SP
852,Esporte Clube Pinheiros,Estagi√°ria de Futebol,S√£o Paulo - SP
853,Alliage,Est√°gio em Desenvolvimento de Software,Ribeir√£o P... - SP
854,Marista Brasil,Marista Brasil | Est√°gio Licenciatura ,Almirante ... - PR
855,Mercadinhos S√£o Luiz,Est√°gio em Controle de Qualidade ,Fortaleza - CE
856,OR,Est√°gio de Qualidade | T√©cnico,Recife - PE
857,Cogna Educa√ß√£o,MONITOR ESTAGIO FARMACIA ,Salvador - BA
858,Cogna Educa√ß√£o,MONITOR ESTAGIO FARMACIA ,Salvador - BA
859,Cogna Educa√ß√£o,MONITOR ESTAGIO ,Imperatriz - MA
